<?xml version="1.0" encoding="UTF-8"?>
<project-private xmlns="http://www.netbeans.org/ns/project-private/1">
    <editor-bookmarks xmlns="http://www.netbeans.org/ns/editor-bookmarks/2" lastBookmarkId="0"/>
    <open-files xmlns="http://www.netbeans.org/ns/projectui-open-files/2">
        <group>
            <file>file:/C:/Users/User/Documents/NetBeansProjects/vishwa_oop_database/src/vishwa_oop_database/Hire.java</file>
            <file>file:/C:/Users/User/Documents/NetBeansProjects/vishwa_oop_database/src/vishwa_oop_database/Customer.java</file>
            <file>file:/C:/Users/User/Documents/NetBeansProjects/vishwa_oop_database/src/vishwa_oop_database/dbconnectclass.java</file>
            <file>file:/C:/Users/User/Documents/NetBeansProjects/vishwa_oop_database/src/vishwa_oop_database/Rent.java</file>
            <file>file:/C:/Users/User/Documents/NetBeansProjects/vishwa_oop_database/src/vishwa_oop_database/Driver.java</file>
            <file>file:/C:/Users/User/Documents/NetBeansProjects/vishwa_oop_database/src/vishwa_oop_database/Package.java</file>
            <file>file:/C:/Users/User/Documents/NetBeansProjects/vishwa_oop_database/src/vishwa_oop_database/Vehicle.java</file>
        </group>
    </open-files>
</project-private>
